PRAGMA foreign_keys=OFF;
BEGIN TRANSACTION;
CREATE TABLE artist (artistid INTEGER PRIMARY KEY, artistname TEXT);
INSERT INTO artist VALUES(1,'Led Zeppelin');
INSERT INTO artist VALUES(2,'Black Sabbath');
INSERT INTO artist VALUES(3,'Deep Purple');
INSERT INTO artist VALUES(4,'Rush');
INSERT INTO artist VALUES(5,'Pink Floyd');
CREATE TABLE album (albumid INTEGER PRIMARY KEY, albumname TEXT, year INTEGER, trackartist INTEGER, FOREIGN KEY(trackartist) REFERENCES artist(artistid));
INSERT INTO album VALUES(1,'Untitled',1971,1);
INSERT INTO album VALUES(2,'Houses of the Holy',1974,1);
INSERT INTO album VALUES(3,'II',1969,1);
INSERT INTO album VALUES(4,'Born Again',1983,2);
INSERT INTO album VALUES(5,'Dehumanizer',1992,2);
INSERT INTO album VALUES(6,'Master of Reality',1971,2);
INSERT INTO album VALUES(7,'Deep Purple in Rock',1970,3);
INSERT INTO album VALUES(8,'Burn',1974,3);
INSERT INTO album VALUES(9,'Machine Head',1972,3);
INSERT INTO album VALUES(10,'Animals',1977,5);
CREATE TABLE track (trackid INTEGER PRIMARY KEY, trackname TEXT, trackartist INTEGER, trackalbum INTEGER, FOREIGN KEY(trackartist) REFERENCES artist(artistid), FOREIGN KEY(trackalbum) REFERENCES album(albumid));
INSERT INTO track VALUES(1,'Black Dog',1,1);
INSERT INTO track VALUES(2,'The Song Remains the Same',1,2);
INSERT INTO track VALUES(3,'Heartbreaker',1,3);
INSERT INTO track VALUES(4,'Zero the Hero',2,4);
INSERT INTO track VALUES(5,'I',2,5);
INSERT INTO track VALUES(6,'Into the Void',2,6);
INSERT INTO track VALUES(7,'Child in Time',3,7);
INSERT INTO track VALUES(8,'Mistreated',3,8);
INSERT INTO track VALUES(9,'Highway Star',3,9);
COMMIT;
